Nome,Endere√ßo,Email
Allison Hill,"819 Johnson Course, East William, AK 74064",jennifermiles@example.com
Kevin Pacheco,"654 Jason Track, Curtisfurt, CT 47553",cassandra07@example.net
Thomas Miller,"310 Kendra Common Apt. 164, Reidstad, GA 49021",jason41@example.net
Kimberly Sanchez,"835 Jeremy Bypass Suite 641, New Nancy, MD 28370",pfoster@example.com
Charles Mcgee,"653 William Course Apt. 122, Carlsonfurt, MS 78605",jrice@example.org
Ashley Dyer,"46270 Stanton Track Apt. 814, East Nathaniel, GA 71198",georgetracy@example.org
Sherry Decker,"91171 David Mountains, West Allison, PA 55962",sarahcampos@example.net
Eric Carney,"713 Caleb Brooks Apt. 930, Lake Crystalbury, CA 04618",chad34@example.net
Mr. Nathaniel Khan,"6311 Gomez Loop, Shieldston, TX 86150",brownjessica@example.org
Connor West,"3178 Brent Plains Apt. 132, Tuckerborough, VI 53066",martinaaron@example.com
